{
  "textureScaling": {
    "enableUpscale": false,
    "enableDownscale": false,
    "resolution": 4,
    "upscaleAlgorithm": "NEAREST",
    "downscaleAlgorithm": "LINEAR",
    "upscaleTargetAtlases": [
      "minecraft:textures/atlas/blocks.png"
    ],
    "downscaleTargetAtlases": [
      "minecraft:textures/atlas/blocks.png",
      "minecraft:textures/atlas/signs.png",
      "minecraft:textures/atlas/chest.png",
      "minecraft:textures/atlas/beds.png",
      "minecraft:textures/atlas/shulker_boxes",
      "minecraft:textures/atlas/paintings.png",
      "minecraft:textures/atlas/banner_patterns.png",
      "minecraft:textures/atlas/shield_patterns"
    ]
  },
  "betterMipmaps": {
    "enable": true,
    "level": 9,
    "targetAtlases": [
      "minecraft:textures/atlas/blocks.png"
    ],
    "onlyMipmapTarget": false,
    "overrideMipmapGeneration": false,
    "mipmapBlockCutouts": false,
    "mipmapChests": false
  },
  "lodBias": {
    "enable": false,
    "value": 0.0
  },
  "other": {
    "parallelPreScaling": true,
    "replaceAllImages": false
  }
}