{
    "images":
    {
        "title":
        {
            "image" : "modpack:textures/logo.png",
            "posX" : -175,
            "posY" : 15,
            "width" : 350,
            "height" : 80,
			"imageWidth" : 830,
			"imageHeight" : 145,
            "alignment" : "top_center"
        },
        
	    "me":
		{
		    "image" : "modpack:textures/100.png",
			"posX" : 5,
            "posY" : 5,
            "width" : 25,
            "height" : 25,
			"imageWidth" : 100,
			"imageHeight" : 100
		},
		
        "edition":
        {
            "image" : "modpack:textures/v1.png",
            "posX" : -49,
            "posY" : 67,
            "width" : 128,
            "height" : 20,
            "imageWidth" : 363,
			"imageHeight" : 69,
            "alignment" : "top_center"
        }
    },
    
    "buttons":
    {
        "singleplayer":
        {
		    "text" : "",
            "posX" : -100,
            "posY" : 40,
            "width" : 200,
            "height" : 30,
			"texture" : "modpack:textures/singleplayer.png",
			"imageWidth" : 437,
			"imageHeight" : 67,
            "action" : 
            {
                "type" : "openGui",
                "gui" : "singleplayer"
            }
        },
        
        "multiplayer":
        {
            "text" : "",
            "posX" : -100,
            "posY" : 67,
            "width" : 200,
            "height" : 30,
		    "texture" : "modpack:textures/Multiplayer.png",
			"imageWidth" : 416,
			"imageHeight" : 72,
            "action" : 
            {
                "type" : "openGui",
                "gui" : "multiplayer"
            }
        },
        
        "mods":
        {
            "text" : "",
            "posX" : 20,
            "posY" : 115,
            "width" : 70,
            "height" : 20,
			"texture" : "modpack:textures/mods.png",
			"imageWidth" : 184,
			"imageHeight" : 67,
            "action" : 
            {
                "type" : "openGui",
                "gui" : "mods"
            }
        },
            
        "options":
        {
            "text" : "",
            "posX" : -100,
            "posY" : 95,
            "width" : 98,
            "height" : 20,
			"texture" : "modpack:textures/options.png",
			"imageWidth" : 278,
			"imageHeight" : 76,
            "action" : 
            {
                "type" : "openGui",
                "gui" : "options"
            }
        },
        
        "quit":
        {
            "text" : "",
            "posX" : -1,
            "posY" : 95,
            "width" : 98,
            "height" : 20,
			"texture" : "modpack:textures/quit game.png",
			"imageWidth" : 348,
			"imageHeight" : 72,
            "action" : 
            {
                "type" : "quit"
            }
        },
        
        "language":
        {
            "text" : "",
            "posX" : -97,
            "posY" : 115,
            "width" : 100,
            "height" : 20,
			"texture" : "modpack:textures/language.png",
			"imageWidth" : 757,
			"imageHeight" : 122,
            "action" : 
            {
                "type" : "openGui",
                "gui" : "languages"
            }
        },
        
        "refresh":
        {
            "text" : "",
            "posX" : -154,
            "posY" : 132,
            "width" : 60,
            "height" : 30,
            "texture" : "modpack:textures/test.png",
			"imageWidth" : 353,
			"imageHeight" : 177,
            "action" : 
            {
                "type" : "refresh"
            }
        }
    },
    
    "labels":
    {
        "mojang":
        {
            "text" : "",
            "hoverText" : "",
            "posX" : -197,
            "posY" : -10,
            "color" : -1,
            "alignment" : "bottom_right",
            "action" : 
            {
                "type" : "openGui",
                "gui" : "credits"
            }
        },
        
        "fml":
        {
            "text" : "",
            "posX" : 2,
            "posY" : -40,
            "color" : -1,
            "alignment" : "bottom_left"
        }
    },
    
    "other":
    {
        "splash-text":
        {
            "posX" : 90,
            "posY" : 70,
            "color" : -256,
            "alignment" : "top_center",
            "texts" : "1.12.2 Pack"
        },
		
        "panorama":
        {
            "images" : "minecraft:textures/gui/title/background/panorama_%c.png",
            "animate" : true,
            "animationSpeed" : 1,
            "blur" : true,
            "gradient" : true
        }
    }
}